ID,Station Longitude,Station Latitude,Atlanta
13013180103,-83.81048282875,34.08900989875,1
13013180104,-83.82956906666666,34.004593712500004,1
13013180105,-83.8191776111111,34.04568912962963,1
13013180106,-83.84162401666667,34.02724881666667,1
13013180107,-83.79243914328359,34.01050329850746,1
13013180108,-83.81015430408164,33.98327125714285,1
13013180203,-83.70286171272727,33.98637729272727,1
13013180204,-83.71843062602738,33.979034549315074,1
13013180205,-83.73621191926605,33.995000690825684,1
13013180206,-83.71830355172413,34.00571521724138,1
13013180301,-83.66771000925927,33.983374233333336,1
13013180302,-83.69007605875001,34.022863693750004,1
13013180303,-83.74540381538462,34.02420839423077,1
13013180401,-83.6132630175,33.978750655,1
13013180402,-83.5862088931624,33.97389487863248,1
13013180501,-83.778864825,33.94965477142857,1
13013180502,-83.69684968909091,33.93455724,1
13013180503,-83.7426273590909,33.93127282424243,1
13015960101,-84.74172159466667,34.380206081333334,1
13015960103,-84.71795149285715,34.23505404047619,1
13015960104,-84.72862616455697,34.302630989873414,1
13015960105,-84.80896935428571,34.29922945714286,1
13015960201,-84.87998368395061,34.359467908641975,1
13015960301,-84.9350797987013,34.27309494675325,1
13015960302,-84.94014816041667,34.22907564479167,1
13015960403,-84.8003004475,34.2084342275,1
13015960404,-84.83379135070423,34.21799601971831,1
13015960405,-84.77301577837838,34.20588997702703,1
13015960406,-84.846451705,34.24120628,1
13015960407,-84.78926541612904,34.24577512096774,1
13015960501,-84.8160258796875,34.195508393749996,1
13015960502,-84.84412132413793,34.197760951724135,1
13015960601,-84.81073034770642,34.1464936853211,1
13015960602,-84.81166248561644,34.170813560958905,1
13015960701,-84.79467039060403,34.17821124496644,1
13015960702,-84.74909739217391,34.17708151652174,1
13015960801,-84.67328882580645,34.10525376451613,1
13015960802,-84.69440217391305,34.094423139130434,1
13015960804,-84.78439178058252,34.113024197087384,1
13015960805,-84.7381151939759,34.12142258493976,1
13015960901,-84.86682659375,34.12475653625,1
13015960902,-84.85814965360824,34.16360725051546,1
13015961001,-84.95481807006803,34.15281821496599,1
13015961002,-84.97622291020409,34.10997974897959,1
13035150101,-83.9128974378788,33.39224396969697,1
13035150102,-83.89270429805195,33.27613888506493,1
13035150201,-83.95745708550724,33.28447090386473,1
13035150202,-83.9531917597015,33.30686482238806,1
13035150300,-84.0572067502994,33.2672317502994,1
13045910101,-84.9218450377193,33.73153083333333,1
13045910103,-84.955079022,33.692980756000004,1
13045910105,-84.92682290204083,33.76644967755102,1
13045910106,-84.95414447375,33.741484085,1
13045910201,-85.02830175972223,33.763459518055555,1
13045910202,-85.00991884220183,33.73676183302752,1
13045910203,-85.04590635980392,33.69655796960784,1
13045910301,-85.13710063733333,33.66036726466667,1
13045910302,-85.19688721407408,33.6356506837037,1
13045910502,-85.08859944107142,33.583527953571426,1
13045910503,-85.10706675189873,33.601811500000004,1
13045910504,-85.11647442399999,33.572018084,1
13045910600,-85.0770676195122,33.611706625203254,1
13045910704,-85.01765850294117,33.565674611764706,1
13045910705,-85.02255094880952,33.595971776190474,1
13045910706,-84.9216967030303,33.646862974242424,1
13045910707,-84.94142425454545,33.619389071212126,1
13045910708,-85.05034830535715,33.59881798928571,1
13045910709,-84.99651419591838,33.63635656734694,1
13045910800,-84.9275991306011,33.508560877049185,1
13045910900,-85.09509170068493,33.46014969726028,1
13045911001,-85.03419964583333,33.53805049444444,1
13045911002,-85.06482022837838,33.550138598648644,1
13045911101,-85.08469671160715,33.56234303303571,1
13045911102,-85.11869913953488,33.53448451627907,1
13057090101,-84.34953679937107,34.353128105660375,1
13057090102,-84.44013084285714,34.33611598214286,1
13057090103,-84.38616903225807,34.32715761290323,1
13057090201,-84.52796944074073,34.314545512962965,1
13057090202,-84.58618698085107,34.33777056950355,1
13057090301,-84.542723809375,34.20371845625,1
13057090302,-84.60867775365854,34.194196117073176,1
13057090303,-84.53500712112675,34.241224728169016,1
13057090401,-84.49062901276595,34.24774009361702,1
13057090402,-84.46444404825175,34.271901046853145,1
13057090503,-84.29369060657895,34.209566474999995,1
13057090504,-84.33916500000001,34.23897701,1
13057090505,-84.37381288888888,34.22105190888889,1
13057090506,-84.3451740372549,34.276931688235294,1
13057090507,-84.281216375,34.263539936111115,1
13057090603,-84.4397042868421,34.22254387631579,1
13057090604,-84.47350996521739,34.238379649275366,1
13057090605,-84.50542748684211,34.22148397763158,1
13057090606,-84.49028446923077,34.212220303296704,1
13057090703,-84.49960317956989,34.17259653548387,1
13057090704,-84.49049141315788,34.16218767105263,1
13057090705,-84.55394721578948,34.16725292631579,1
13057090706,-84.567542124,34.178490312,1
13057090707,-84.51522995245901,34.183083091803276,1
13057090708,-84.51509386774194,34.19395402903226,1
13057090709,-84.50951528157896,34.135238518421055,1
13057090710,-84.52279079249999,34.1554696575,1
13057090805,-84.42908633225807,34.14501868064516,1
13057090806,-84.48898292941176,34.140789582352944,1
13057090807,-84.45314366962026,34.18394078860759,1
13057090808,-84.442774175,34.167179627500005,1
13057090809,-84.36669632444445,34.168956359999996,1
13057090810,-84.40232381666667,34.17843293333333,1
13057090905,-84.50292809000001,34.081440103999995,1
13057090906,-84.45209615961538,34.08051360961538,1
13057090907,-84.443923284375,34.089420109375,1
13057090908,-84.46831236724138,34.09223240517241,1
13057090909,-84.50559200153846,34.09633632307692,1
13057090910,-84.49690543111112,34.10535606222222,1
13057090911,-84.44959759722222,34.11066458333333,1
13057090912,-84.46811260952381,34.124631338095234,1
13057091001,-84.52336760266667,34.103818096000005,1
13057091006,-84.57161966666666,34.11803089259259,1
13057091007,-84.57088018484848,34.14459390909091,1
13057091009,-84.536443453125,34.121081225,1
13057091010,-84.54957508235294,34.12729246470588,1
13057091011,-84.56021290416666,34.107662041666664,1
13057091012,-84.54426486190476,34.09710654285715,1
13057091013,-84.56439255263159,34.081396060526316,1
13057091014,-84.56967405641025,34.09378962564102,1
13057091101,-84.60315840151516,34.14468567878788,1
13057091104,-84.64106686901408,34.09843495633803,1
13057091105,-84.58878398333334,34.104322854761904,1
13057091106,-84.60457984772728,34.08856236363636,1
13057091107,-84.61343004666666,34.107352526666666,1
13057091108,-84.63556546666666,34.10745033333333,1
13063040202,-84.41665340384615,33.615943762820514,1
13063040203,-84.45369175428571,33.60620395714285,1
13063040204,-84.44207902142857,33.606793842857144,1
13063040302,-84.37072211395349,33.63180261860465,1
13063040306,-84.38462506923078,33.60441383076923,1
13063040307,-84.3615355462963,33.59605295740741,1
13063040308,-84.37546655725806,33.62023421370968,1
13063040309,-84.34956038809524,33.64303064523809,1
13063040310,-84.35165162931035,33.62703258275862,1
13063040407,-84.3318773321101,33.60789347614679,1
13063040409,-84.305081955,33.590118704999995,1
13063040410,-84.31307001842106,33.63082073859649,1
13063040414,-84.37241361379311,33.584430110344826,1
13063040416,-84.35425326969697,33.57870262272728,1
13063040417,-84.3583612117647,33.56343325588235,1
13063040418,-84.34230479259259,33.593298574074076,1
13063040419,-84.32774043552631,33.59011644078947,1
13063040420,-84.276206896,33.589017792,1
13063040421,-84.2680672485294,33.6104895867647,1
13063040422,-84.38233672727273,33.58592510909091,1
13063040423,-84.3747200548387,33.56408709354839,1
13063040424,-84.33509524838709,33.56531062258065,1
13063040425,-84.32189784202899,33.57640513043478,1
13063040426,-84.29628512142857,33.57529942142857,1
13063040427,-84.27775786129033,33.56926764193548,1
13063040509,-84.44816604600001,33.582107698,1
13063040510,-84.42661013333333,33.58715878,1
13063040512,-84.42602772272727,33.57167029393939,1
13063040513,-84.43497808656717,33.558067313432836,1
13063040518,-84.39178774878049,33.51141199756098,1
13063040519,-84.41772636666667,33.593225144444446,1
13063040521,-84.39365798421052,33.571584165789474,1
13063040522,-84.40295510169491,33.583665944067796,1
13063040523,-84.40961944516128,33.55745171935484,1
13063040525,-84.402476,33.50280562142857,1
13063040527,-84.42788308,33.54572197,1
13063040528,-84.42481224444445,33.53373308611111,1
13063040529,-84.40005302820512,33.52911418461539,1
13063040530,-84.4112565483871,33.53037660967742,1
13063040531,-84.42250055,33.600264016666664,1
13063040532,-84.41474161111111,33.60118063333333,1
13063040533,-84.38994168387096,33.54630957741936,1
13063040534,-84.39941678636363,33.56121652272727,1
13063040535,-84.39399433030303,33.53559816363636,1
13063040536,-84.38414579545454,33.529458272727275,1
13063040537,-84.41428418181818,33.50656370909091,1
13063040538,-84.41567664117646,33.515649270588234,1
13063040606,-84.31348991555556,33.45403791444445,1
13063040609,-84.33274821643836,33.54157526575342,1
13063040614,-84.30677945000001,33.52367975166667,1
13063040615,-84.30230811875,33.5439592,1
13063040617,-84.26618940624999,33.55852319375,1
13063040623,-84.35780309473685,33.47164265789474,1
13063040624,-84.35737885294118,33.48044430588236,1
13063040625,-84.33566000434782,33.459842252173914,1
13063040626,-84.35497051666667,33.46188815,1
13063040627,-84.3409679476923,33.51462415076923,1
13063040628,-84.31310771111112,33.50114018148148,1
13063040629,-84.37198098333333,33.545002241666666,1
13063040630,-84.35799258,33.544438264444445,1
13063040631,-84.36802624905661,33.49661568679245,1
13063040632,-84.28123758235293,33.55501244705882,1
13063040633,-84.29856176666667,33.56401695454546,1
13063040634,-84.3668554051282,33.526680925641024,1
13063040635,-84.35700684050633,33.52237165063291,1
13063040636,-84.36309399777778,33.40833909777778,1
13063040637,-84.33065152307692,33.44140307692308,1
13063040638,-84.39328091818182,33.42633095,1
13063040639,-84.3677042972973,33.435290513513515,1
13063980000,-84.43693093888889,33.63325084583333,1
13067030104,-84.6715476559322,34.07216797288136,1
13067030107,-84.62647411764705,34.07521171764706,1
13067030108,-84.70156590196079,34.03929759607843,1
13067030109,-84.71140346779661,34.06643950338983,1
13067030110,-84.66806428199999,34.04123931,1
13067030111,-84.66463182857143,34.0580685632653,1
13067030112,-84.65362895714286,34.06876952142857,1
13067030113,-84.63990637297297,34.06752282432433,1
13067030220,-84.5629615,34.0540066,1
13067030233,-84.614194,33.91802478,1
13067030235,-84.67686006129033,33.93070890967742,1
13067030236,-84.72740781034483,33.9869809724138,1
13067030240,-84.65765550399999,34.025189248000004,1
13067030241,-84.6635157,34.006352577777776,1
13067030242,-84.63557587714286,34.018639297142855,1
13067030243,-84.62778433103449,34.00594074482758,1
13067030244,-84.68782012413793,33.99931426551724,1
13067030245,-84.63057764705883,34.05117528235294,1
13067030246,-84.60923464782609,34.03662701304348,1
13067030247,-84.5738252,34.04375509,1
13067030248,-84.56242585660378,34.024181003773585,1
13067030249,-84.6125066425532,33.99921369148936,1
13067030250,-84.63980412500001,33.972534930555554,1
13067030251,-84.62749112499999,33.952818525,1
13067030252,-84.68975440689655,33.97791582413793,1
13067030253,-84.68164342777777,33.95444194444444,1
13067030254,-84.62714949285714,34.06247152857143,1
13067030255,-84.60670080294118,34.05274808235294,1
13067030256,-84.6006654367647,33.975342088235294,1
13067030257,-84.59836636170213,33.993901170212766,1
13067030258,-84.6059228875,34.0226938925,1
13067030259,-84.62011839583333,34.038600725,1
13067030260,-84.64216182857142,34.03316045238095,1
13067030261,-84.6354559882353,34.042023488235294,1
13067030262,-84.622590456,33.937948556,1
13067030263,-84.64809466190476,33.93929776190477,1
13067030264,-84.66566533846154,33.9849194923077,1
13067030265,-84.64527194736841,33.98932267368421,1
13067030266,-84.7268797,34.00829781111111,1
13067030267,-84.71102298461538,34.006842276923074,1
13067030268,-84.71461814,33.922500467999996,1
13067030269,-84.69488537666666,33.91347577333333,1
13067030270,-84.633426,33.9142127,1
13067030271,-84.65476828000001,33.91111102666667,1
13067030272,-84.57902340000001,34.070286515384616,1
13067030273,-84.57406466428571,34.064193242857144,1
13067030274,-84.6000992304348,34.06549012173913,1
13067030275,-84.58973943333334,34.05469784444445,1
13067030276,-84.71832767352942,33.958013094117646,1
13067030277,-84.73338671578946,33.96114303157895,1
13067030278,-84.59060219545455,34.025420394545456,1
13067030319,-84.40148726875,33.9631447625,1
13067030322,-84.44645660399999,34.046280696,1
13067030324,-84.50174376206895,34.07063317586207,1
13067030326,-84.437347346875,34.065895040625,1
13067030327,-84.45685670645162,34.02532072580645,1
13067030329,-84.48197045806452,33.99775880322581,1
13067030331,-84.450488965,33.999373985,1
13067030332,-84.44028844814814,33.985612403703705,1
13067030334,-84.42535290416667,33.97273624583333,1
13067030335,-84.4127649,34.00794932352942,1
13067030337,-84.39917062439025,33.978405800000004,1
13067030340,-84.46704668571428,34.04931505238095,1
13067030341,-84.47776526470588,34.06331399411765,1
13067030342,-84.42951553870968,34.04728232903226,1
13067030343,-84.41270894166666,34.036695395833334,1
13067030344,-84.47689865,33.90731931875,1
13067030345,-84.4670386231884,33.895494247826086,1
13067030346,-84.53964768125,34.06133793125,1
13067030347,-84.54284596451613,34.071379270967746,1
13067030348,-84.5424129090909,34.04683508484849,1
13067030349,-84.53854604,34.02635408571429,1
13067030350,-84.47904984782609,34.02219570434783,1
13067030351,-84.449939105,33.94447921,1
13067030352,-84.42112169729731,33.94914111891892,1
13067030353,-84.45768821621621,33.91055056486486,1
13067030354,-84.44564713571428,33.927363746428576,1
13067030355,-84.45853049130434,33.88022814782608,1
13067030356,-84.45167189722223,33.888128249999994,1
13067030357,-84.46664194705882,33.99842036470588,1
13067030358,-84.46981663421052,33.983659881578944,1
13067030359,-84.43907051379311,34.02173847931034,1
13067030360,-84.41338815882352,34.0221971,1
13067030361,-84.52023500212766,34.03252755957447,1
13067030362,-84.50226534074073,34.024825281481476,1
13067030363,-84.51228316744186,34.05820998604651,1
13067030364,-84.49247187916667,34.050171070833336,1
13067030365,-84.44703677272727,33.95862850454545,1
13067030366,-84.45493986,33.968498026666666,1
13067030367,-84.47862023913044,34.033718300000004,1
13067030368,-84.49059102142857,34.03464858571429,1
13067030369,-84.42164607999999,33.99669696,1
13067030370,-84.40661117894737,33.99028302631579,1
13067030405,-84.4912469168421,33.93754875052631,1
13067030407,-84.48312156333333,33.944042198333335,1
13067030408,-84.46930183157895,33.93153551052632,1
13067030409,-84.47073058064515,33.9643321,1
13067030410,-84.49048204772727,33.95896596818182,1
13067030411,-84.50173977142857,33.936650285714286,1
13067030412,-84.502998009375,33.928365953125,1
13067030413,-84.47601335600001,33.91885416,1
13067030414,-84.4891280638889,33.91641556388889,1
13067030505,-84.50901501,33.96043638625,1
13067030506,-84.53830567171718,33.9968299979798,1
13067030507,-84.5164198147541,34.00571874918033,1
13067030508,-84.52112728428571,33.98635427,1
13067030509,-84.49930527435897,33.99370640769231,1
13067030510,-84.49419743,33.97666032,1
13067030511,-84.51864165384616,33.97234941153846,1
13067030602,-84.56456348795813,33.963907404712046,1
13067030603,-84.56826099012346,33.991217728395064,1
13067030604,-84.55608935882353,34.00437719705882,1
13067030700,-84.53795422147651,33.95736027181208,1
13067030800,-84.53166564041096,33.94266424109589,1
13067030906,-84.58101089375,33.929631140625,1
13067030907,-84.58456817222222,33.94213523888889,1
13067030908,-84.59915539090909,33.899775149999996,1
13067030909,-84.58372952307693,33.91183427307693,1
13067030910,-84.56043935172414,33.92643161724138,1
13067030911,-84.5721921382353,33.91810804705882,1
13067030912,-84.55337678584905,33.941787168867926,1
13067031001,-84.53293975725806,33.915956261290326,1
13067031004,-84.55577090897437,33.89412248974359,1
13067031005,-84.57922238076922,33.891882853846155,1
13067031006,-84.55170597272728,33.90711220909091,1
13067031007,-84.55926570612245,33.912182442857144,1
13067031101,-84.5274770985294,33.89227858970588,1
13067031110,-84.522800055,33.87738295166667,1
13067031111,-84.50139921086956,33.88040842173913,1
13067031112,-84.5081042862069,33.866527858620685,1
13067031113,-84.49442412857142,33.90305552857143,1
13067031114,-84.48564250232558,33.889702448837205,1
13067031115,-84.54657576296296,33.874246024074075,1
13067031116,-84.54137904179105,33.885327870149254,1
13067031117,-84.55022346451612,33.8600018516129,1
13067031118,-84.5261660739726,33.858206124657535,1
13067031119,-84.583098375,33.872421265625,1
13067031120,-84.57681802972972,33.855235156756756,1
13067031121,-84.49827808695652,33.89301073043478,1
13067031122,-84.51197853917526,33.89135774536083,1
13067031207,-84.46943900892857,33.873313442857146,1
13067031209,-84.4965105489796,33.85566195510204,1
13067031212,-84.46751191428572,33.856328,1
13067031213,-84.47939088928571,33.842375614285714,1
13067031214,-84.48102358611112,33.82653277777777,1
13067031215,-84.49243503235294,33.84001275441177,1
13067031216,-84.48537124117648,33.867215223529406,1
13067031217,-84.48309654705884,33.87679451176471,1
13067031218,-84.4760385875,33.85859671875,1
13067031219,-84.47548109090908,33.85680321818182,1
13067031220,-84.50999081538461,33.845765507692306,1
13067031221,-84.50890756101694,33.83577031694915,1
13067031306,-84.59233231216217,33.82275582162163,1
13067031308,-84.58338093559323,33.80693652542373,1
13067031314,-84.51248679047619,33.81130214761905,1
13067031315,-84.53540218857142,33.82513697428571,1
13067031316,-84.53057086,33.798186533846156,1
13067031317,-84.55841271969696,33.80299787878788,1
13067031318,-84.560308888,33.780540275999996,1
13067031319,-84.56142453888889,33.78517688888889,1
13067031320,-84.58675056315789,33.77824165263158,1
13067031321,-84.574214525,33.76170707,1
13067031322,-84.60386533636364,33.792349009090906,1
13067031323,-84.60796465789474,33.80826286842105,1
13067031324,-84.56087573050847,33.82806536779661,1
13067031325,-84.55541928918919,33.843082878378375,1
13067031409,-84.64114597173912,33.8300706,1
13067031410,-84.60529098846155,33.88076416538461,1
13067031411,-84.61776317777777,33.86555838333334,1
13067031412,-84.60330666410256,33.85841370769231,1
13067031413,-84.61466801578948,33.85074461578947,1
13067031414,-84.60365868333334,33.83480089375,1
13067031415,-84.61752083111111,33.83046082,1
13067031416,-84.66770371044777,33.81897479552239,1
13067031417,-84.63549178421053,33.810490168421055,1
13067031506,-84.6669590765625,33.8696305765625,1
13067031507,-84.64906681162792,33.8657795372093,1
13067031510,-84.64992816086956,33.88633845652174,1
13067031511,-84.71158471551723,33.858125272413794,1
13067031512,-84.69617895227272,33.83017752272727,1
13067031513,-84.6847336816092,33.854383205747126,1
13067031514,-84.6870427,33.87123148095238,1
13067031515,-84.70196895106383,33.886977125531914,1
13067031516,-84.69579515,33.88455777142857,1
13067031517,-84.6203617952381,33.89136954761905,1
13067031518,-84.632351184,33.886613916,1
13077170101,-84.87464735921053,33.45789224342106,1
13077170102,-84.93119626946564,33.37266897022901,1
13077170200,-84.83305939470199,33.40648182384106,1
13077170303,-84.78852385428571,33.47602258571429,1
13077170304,-84.78352196796118,33.41757013106796,1
13077170307,-84.77726554301076,33.380714495698925,1
13077170308,-84.76607207129629,33.40312699351852,1
13077170309,-84.74337412407407,33.38949357037037,1
13077170310,-84.72516637435898,33.39645298974359,1
13077170403,-84.69884702258064,33.471967940322585,1
13077170404,-84.68376244210526,33.4268565,1
13077170405,-84.6941131868132,33.38874496813187,1
13077170406,-84.656635728,33.435557008,1
13077170407,-84.65902397346939,33.504355340816325,1
13077170408,-84.63971336769231,33.458395675384615,1
13077170501,-84.64910786783216,33.33337561818182,1
13077170502,-84.59185078,33.26670142555555,1
13077170503,-84.552327413089,33.288576649214654,1
13077170603,-84.70241834,33.35111011625,1
13077170604,-84.78080016875,33.36641038214286,1
13077170605,-84.79366828909092,33.35192766909091,1
13077170606,-84.74564239622642,33.36701775471698,1
13077170607,-84.72352298484849,33.36835395757576,1
13077170701,-84.810297268,33.373905891,1
13077170702,-84.84920304339623,33.36347707735849,1
13077170801,-84.84336455634518,33.2650775177665,1
13077170802,-84.75475379386504,33.273316209815945,1
13085970102,-84.12430043170731,34.43556384146341,1
13085970203,-84.00007639900001,34.386562829999995,1
13085970204,-84.0216930060606,34.34879212424242,1
13085970205,-84.18097730344829,34.36361264137931,1
13085970206,-84.07729879444445,34.39652056296296,1
13089020100,-84.34444808055555,33.79935888611111,1
13089020200,-84.34077010749999,33.7756336925,1
13089020300,-84.32894720877192,33.765314282456146,1
13089020400,-84.3442236,33.765237116,1
13089020500,-84.34272467460318,33.751679282539676,1
13089020600,-84.33659752857143,33.75677395714286,1
13089020700,-84.32372631935485,33.754166948387095,1
13089020801,-84.31608839285714,33.75565476190476,1
13089020802,-84.30152624651163,33.746375340697675,1
13089020901,-84.34260061917809,33.739394,1
13089020902,-84.33147191041667,33.730131125,1
13089021101,-84.33815373666667,33.88746213666666,1
13089021103,-84.33929769999999,33.87200528518518,1
13089021104,-84.34312961764707,33.861334052941174,1
13089021204,-84.29915844722223,33.884713447222225,1
13089021208,-84.30373906,33.90120615166667,1
13089021210,-84.3138603311111,33.944567193333334,1
13089021211,-84.28247291842105,33.948338484210524,1
13089021213,-84.34298338571429,33.95443625357143,1
13089021217,-84.28978089166667,33.92874375,1
13089021219,-84.33410156,33.91184353714286,1
13089021220,-84.31637344210526,33.910390110526315,1
13089021221,-84.32992347894738,33.89730322105263,1
13089021222,-84.31639685625,33.893040375,1
13089021223,-84.3350023875,33.93949335,1
13089021224,-84.30298392916667,33.92841728333333,1
13089021225,-84.31185677272728,33.92468341818182,1
13089021226,-84.32963086923077,33.923038969230774,1
13089021227,-84.32643698695652,33.929471847826086,1
13089021228,-84.31438151666667,33.95809791111111,1
13089021229,-84.33019624347826,33.96221065652174,1
13089021230,-84.34332579655171,33.929167506896555,1
13089021301,-84.28892941914893,33.908887363829784,1
13089021305,-84.27682647222223,33.9329126,1
13089021306,-84.27383960909091,33.918975474545455,1
13089021307,-84.27549493529412,33.890943466176466,1
13089021308,-84.28764389285713,33.87619258333333,1
13089021309,-84.2647455,33.90060063333333,1
13089021310,-84.25493140363636,33.90608739818182,1
13089021405,-84.3319456637931,33.85666014827586,1
13089021409,-84.29481622105264,33.86106305789473,1
13089021410,-84.30682524102565,33.855371917948716,1
13089021411,-84.33157868181819,33.86456116363637,1
13089021412,-84.31471899104477,33.87212524328358,1
13089021415,-84.34491608292683,33.83971830731707,1
13089021416,-84.3336269,33.8476898,1
13089021417,-84.33372954642857,33.837985092857146,1
13089021418,-84.31670396666668,33.85163623333333,1
13089021419,-84.3198004642857,33.84365341428572,1
13089021420,-84.32631925,33.847378575,1
13089021421,-84.32316272222222,33.853617111111106,1
13089021502,-84.34198279591837,33.81795699387755,1
13089021503,-84.32506165714287,33.82025237142857,1
13089021505,-84.33071410000001,33.80844809655172,1
13089021506,-84.31294205714286,33.80601042857143,1
13089021602,-84.2978566,33.81574108461539,1
13089021604,-84.30136257804878,33.83104603414634,1
13089021606,-84.3147585,33.82551197916667,1
13089021607,-84.32489736923077,33.83419415769231,1
13089021608,-84.29168685714285,33.85507238,1
13089021609,-84.3006854962963,33.844682266666666,1
13089021703,-84.2720923119403,33.844313865671644,1
13089021707,-84.27538873636364,33.829027122727275,1
13089021708,-84.2565968361111,33.83581560277778,1
13089021709,-84.27872391034482,33.86263103103448,1
13089021710,-84.2625346952381,33.86063922857143,1
13089021711,-84.25902433793104,33.88606117586207,1
13089021712,-84.25994005,33.876313545,1
13089021808,-84.23889169444445,33.876271001851855,1
13089021812,-84.23848093548388,33.888138641935484,1
13089021813,-84.23786140625,33.90181613125,1
13089021815,-84.23082341578947,33.89473223684211,1
13089021816,-84.22978797222223,33.88975921111111,1
13089021817,-84.2192745952381,33.828025814285716,1
13089021818,-84.22598693333333,33.83840712424242,1
13089021819,-84.23808594102563,33.854709428205126,1
13089021820,-84.25044838125,33.85370695,1
13089021821,-84.22697679032258,33.86813776129033,1
13089021822,-84.21182545263157,33.86182202280702,1
13089021823,-84.18731622600001,33.851053809999996,1
13089021824,-84.20695619090908,33.84379207727273,1
13089021906,-84.17578295087719,33.798512333333335,1
13089021908,-84.19393146470588,33.80524220882353,1
13089021910,-84.205856375,33.82169215909091,1
13089021911,-84.19159556,33.819024305,1
13089021912,-84.16106160232557,33.835006441860465,1
13089021913,-84.17958266470589,33.820909735294116,1
13089021914,-84.16847842568808,33.80628697889908,1
13089021915,-84.13556521000001,33.81018876857143,1
13089021916,-84.21003829534884,33.79090892093023,1
13089021917,-84.20371075294118,33.79465691764705,1
13089022001,-84.25114286086956,33.81672827391304,1
13089022005,-84.23474716444444,33.78998246,1
13089022007,-84.24624178571428,33.8101979,1
13089022010,-84.23241266206897,33.81209677241379,1
13089022011,-84.23436010454544,33.80263405909091,1
13089022012,-84.24292964117647,33.802616488235294,1
13089022013,-84.23140719666667,33.82067581,1
13089022014,-84.24000517222223,33.815723794444445,1
13089022015,-84.223285675,33.806711660000005,1
13089022016,-84.21235172857143,33.80758448571429,1
13089022100,-84.25684086447369,33.78937518289474,1
13089022203,-84.27443277111111,33.78560154666667,1
13089022205,-84.26417451944445,33.809457775,1
13089022206,-84.27090428400001,33.79994608,1
13089022302,-84.28253112894737,33.81228101578947,1
13089022303,-84.28970397460317,33.79599456984127,1
13089022304,-84.30181434375,33.795798728125,1
13089022401,-84.34102969215685,33.790022501960784,1
13089022403,-84.31950094925372,33.780046211940295,1
13089022404,-84.32493797045454,33.797231270454546,1
13089022405,-84.31659013214286,33.798287928571426,1
13089022501,-84.30399958780488,33.77101858536585,1
13089022502,-84.3072572117647,33.78011532352941,1
13089022601,-84.29447645396824,33.78114022063492,1
13089022602,-84.28292653684211,33.78045947894737,1
13089022700,-84.30370192666666,33.760536355,1
13089022800,-84.2898418826087,33.76483938695652,1
13089022900,-84.27946590344827,33.76395789885058,1
13089023000,-84.26979185111111,33.77315495777778,1
13089023101,-84.27582585277779,33.743665283333335,1
13089023102,-84.25951667000001,33.7618583775,1
13089023107,-84.251237132,33.750240434000006,1
13089023108,-84.23438886,33.745065487272726,1
13089023111,-84.22759192400001,33.761141428,1
13089023112,-84.24143490384616,33.76647306153846,1
13089023113,-84.25361865918367,33.77782155918367,1
13089023114,-84.23147111724138,33.78003573793104,1
13089023115,-84.24110152857143,33.77395577142857,1
13089023209,-84.171896434375,33.77099436875,1
13089023211,-84.18856331111111,33.73820144074074,1
13089023212,-84.17441619285715,33.73363627142857,1
13089023213,-84.20585436585365,33.72239082195122,1
13089023214,-84.1849423235294,33.71374134313726,1
13089023215,-84.21172843225807,33.7565426967742,1
13089023216,-84.20454210555556,33.74442597777778,1
13089023217,-84.177826635,33.752080819999996,1
13089023218,-84.1924434375,33.75512728333333,1
13089023219,-84.21317197826087,33.78001710434783,1
13089023220,-84.20397402,33.772056096,1
13089023221,-84.18264742857143,33.7716342047619,1
13089023222,-84.19070464444445,33.77606747037037,1
13089023311,-84.11212238,33.77311028,1
13089023313,-84.1300325,33.733021144,1
13089023315,-84.06794045833334,33.75365913,1
13089023317,-84.103209281,33.710994065,1
13089023318,-84.0844204975,33.725066605,1
13089023319,-84.15576339200001,33.709755916,1
13089023320,-84.12724304285715,33.70810976666667,1
13089023321,-84.13834676363636,33.709931972727276,1
13089023322,-84.15546890625,33.78125811875,1
13089023323,-84.13170521052632,33.77464642105264,1
13089023324,-84.146614395,33.770952205,1
13089023325,-84.08815076956522,33.781435117391304,1
13089023326,-84.08998571428572,33.77070701428572,1
13089023327,-84.15560568235294,33.724959917647055,1
13089023328,-84.12915062058823,33.72242059705883,1
13089023329,-84.13826049310346,33.757161137931035,1
13089023330,-84.11666377142858,33.74620365714286,1
13089023331,-84.15587805,33.737408949999995,1
13089023332,-84.15956633846153,33.74825832692308,1
13089023410,-84.27882456756757,33.70801367297297,1
13089023411,-84.29211310588235,33.70343101764706,1
13089023413,-84.24038480769231,33.692766126923075,1
13089023422,-84.26358114848485,33.66456322424243,1
13089023424,-84.29315800571429,33.67041654857143,1
13089023425,-84.22743179047619,33.67373923809524,1
13089023426,-84.20407165,33.67327635625,1
13089023427,-84.16038565882353,33.681542594117644,1
13089023429,-84.14229913333334,33.69959172916666,1
13089023430,-84.15741718000001,33.69936847,1
13089023431,-84.16829052142857,33.69699238571429,1
13089023432,-84.16885267894737,33.65970281052631,1
13089023433,-84.13641894444444,33.645893559259264,1
13089023434,-84.10550879032259,33.653611741935485,1
13089023435,-84.09773733076923,33.682218407692304,1
13089023436,-84.24280994285714,33.656093642857144,1
13089023437,-84.22282348750001,33.648263535714285,1
13089023438,-84.25858375454546,33.680731327272724,1
13089023439,-84.26205607222222,33.69325295555556,1
13089023440,-84.0964774451613,33.690438153225806,1
13089023441,-84.1853829,33.67676498888889,1
13089023442,-84.18925474375,33.694533615625,1
13089023443,-84.31034871555555,33.65981675333333,1
13089023444,-84.31498493648648,33.67622985405406,1
13089023445,-84.23691151627908,33.70510837441861,1
13089023446,-84.25472341304348,33.710728878260866,1
13089023447,-84.21986255294118,33.6876368,1
13089023448,-84.21094860689655,33.70216820344828,1
13089023501,-84.26763667931036,33.73497122068965,1
13089023504,-84.27239027826087,33.72466819565217,1
13089023505,-84.25844856774194,33.724077164516125,1
13089023506,-84.23996831774193,33.72755651774194,1
13089023507,-84.22248402121213,33.72533696666667,1
13089023601,-84.2984844114754,33.73618559672131,1
13089023602,-84.29912987307692,33.72610628076923,1
13089023603,-84.286251878125,33.720633290625,1
13089023701,-84.3214048,33.73934014727273,1
13089023702,-84.31363441515151,33.72597773636364,1
13089023801,-84.34003895090909,33.72295446545454,1
13089023802,-84.33563887,33.696139248,1
13089023803,-84.31131913076923,33.70614715769231,1
13089980000,-84.3022466,33.7426368,1
13097080104,-84.62732910434782,33.776555450000004,1
13097080105,-84.60441509605262,33.75585890526316,1
13097080106,-84.64323286285715,33.79806410714286,1
13097080107,-84.62194336060605,33.789503036363634,1
13097080201,-84.69105111710526,33.78340353552632,1
13097080203,-84.67527207647059,33.75143998235294,1
13097080204,-84.66444917619047,33.78580694047619,1
13097080303,-84.72084645068493,33.75861628082192,1
13097080304,-84.74765035287356,33.74330443793104,1
13097080305,-84.73760206142856,33.766740774285715,1
13097080306,-84.75407804444444,33.76323261666667,1
13097080307,-84.76526935714286,33.764211232142856,1
13097080403,-84.86145672209302,33.71588506627907,1
13097080405,-84.85682977540984,33.65167157868852,1
13097080406,-84.8521124885246,33.595451847540986,1
13097080407,-84.87482575882353,33.73626080784314,1
13097080408,-84.83343139473683,33.758582784210525,1
13097080505,-84.78127405483872,33.712215356451615,1
13097080506,-84.80041747727273,33.684015211363636,1
13097080507,-84.78452838,33.65545884,1
13097080508,-84.75435369333333,33.71757798888889,1
13097080509,-84.73228094800001,33.706920317999995,1
13097080512,-84.74978047352941,33.694391870588234,1
13097080513,-84.70563579444445,33.70009637777778,1
13097080514,-84.74553471739131,33.657203200000005,1
13097080515,-84.6990564117647,33.68407401176471,1
13097080602,-84.6450135,33.72077686857143,1
13097080605,-84.67882387083334,33.72056520833333,1
13097080606,-84.66467874761905,33.68390947619047,1
13097080607,-84.7180040972973,33.726983675675676,1
13097080608,-84.70574846164384,33.743399884931506,1
13113140102,-84.44783570857142,33.493018873333334,1
13113140103,-84.52909086666666,33.517409916666665,1
13113140104,-84.46461401142858,33.53014689285714,1
13113140203,-84.59066404318182,33.485075785227274,1
13113140204,-84.54325990347826,33.48571817826087,1
13113140206,-84.5711087126984,33.43682702222222,1
13113140207,-84.58613377931034,33.42180996724138,1
13113140209,-84.59386416296296,33.406944037037036,1
13113140210,-84.60559693378377,33.42286475945946,1
13113140303,-84.57861090394738,33.390004939473684,1
13113140304,-84.55477337361111,33.405088475,1
13113140305,-84.51302106388889,33.433065472222225,1
13113140307,-84.52151688196722,33.35549543278689,1
13113140308,-84.54201963666667,33.35090315,1
13113140309,-84.5489127265306,33.37016329183673,1
13113140403,-84.4651710723077,33.47071577692308,1
13113140404,-84.47568377456139,33.44403546929825,1
13113140405,-84.46436904318182,33.41278529545455,1
13113140406,-84.43675077843137,33.461042011764704,1
13113140408,-84.41241802631579,33.402962757894734,1
13113140409,-84.44045032195122,33.43337184146341,1
13113140410,-84.43149686875,33.447449006250004,1
13113140501,-84.45041027974683,33.35809982278481,1
13113140502,-84.46447352551021,33.298488785714284,1
13115001704,-85.125997304,34.11514514533334,1
13115001706,-85.08282923870968,34.166830893548386,1
13117130101,-84.04716809199999,34.307983004,1
13117130102,-84.02398140666668,34.273758173333334,1
13117130103,-83.97814608249999,34.3173536775,1
13117130104,-83.97100221315789,34.28067078684211,1
13117130105,-84.04404738076923,34.259715157692305,1
13117130201,-84.21214612702703,34.30781718648649,1
13117130202,-84.1237612,34.28395673666667,1
13117130203,-84.1428521948718,34.31276728717949,1
13117130204,-84.07754263333334,34.318510485714285,1
13117130205,-84.09300182909091,34.273077539999996,1
13117130301,-84.20343012727272,34.26868499090909,1
13117130302,-84.23113957586206,34.19022775,1
13117130303,-84.24062496250001,34.267048275,1
13117130304,-84.22737568913043,34.16351123695652,1
13117130305,-84.24267469333334,34.22095928,1
13117130306,-84.1979987,34.174416888461536,1
13117130307,-84.21045141219513,34.21444654146342,1
13117130406,-84.1626704675,34.176287987500004,1
13117130409,-84.12315667936508,34.224259534920634,1
13117130410,-84.151473256,34.19348184133334,1
13117130411,-84.13439471052632,34.237807447368425,1
13117130412,-84.16367511818181,34.260002877272726,1
13117130413,-84.14950775952381,34.21202996666667,1
13117130414,-84.18698008235295,34.20932808823529,1
13117130415,-84.174739265,34.225134355,1
13117130503,-83.995679236,34.238119832,1
13117130504,-84.08478032400001,34.218108642000004,1
13117130505,-84.05320573333333,34.22567346666666,1
13117130506,-84.0953165375,34.230325171875,1
13117130507,-84.09222232380952,34.1790771,1
13117130508,-84.10285816428572,34.161013471428575,1
13117130509,-84.1184122257143,34.19431270571428,1
13117130511,-84.10802228636364,34.142645990909095,1
13117130512,-84.13957446885246,34.17036354590164,1
13117130601,-84.22748358780488,34.1431895097561,1
13117130602,-84.24628323157894,34.11571745789473,1
13117130603,-84.213523115,34.116646906666666,1
13117130604,-84.18798986086956,34.09934996956522,1
13117130605,-84.16285905294117,34.13273269411765,1
13117130606,-84.17064429285713,34.081371964285715,1
13117130607,-84.13421595319149,34.13396237659574,1
13117130608,-84.14112738378378,34.06407481081081,1
13117130609,-84.1320089,34.11765741333333,1
13117130610,-84.12800816470588,34.078744617647054,1
13117130611,-84.11538855294118,34.10818578235294,1
13117130613,-84.18473184186047,34.13663516511628,1
13117130614,-84.16682454210526,34.10329803157895,1
13117130615,-84.15479409285714,34.09718292857143,1
13121000100,-84.35345058059701,33.795754834328356,1
13121000201,-84.36510241428572,33.797506407142855,1
13121000202,-84.36240300833333,33.78617000277777,1
13121000400,-84.38142328,33.78930068333333,1
13121000501,-84.39301536935484,33.792541361290326,1
13121000502,-84.38016306792453,33.7997638,1
13121000601,-84.40569817755102,33.78302595714286,1
13121000602,-84.40116732941176,33.78934206470588,1
13121000700,-84.42469890000001,33.779770400000004,1
13121001001,-84.39112515476191,33.779891276190476,1
13121001002,-84.40033922790697,33.776114462790694,1
13121001101,-84.38318691333333,33.785488093333335,1
13121001102,-84.3842420375,33.783001425,1
13121001203,-84.3805053,33.7735587,1
13121001204,-84.37977162222222,33.77842309444444,1
13121001205,-84.38568781111111,33.77454692222222,1
13121001206,-84.3852343875,33.77960436875,1
13121001301,-84.37468822173913,33.77661887826087,1
13121001302,-84.370704505,33.776722485,1
13121001400,-84.36163048181818,33.77660223181818,1
13121001501,-84.35338242941177,33.77328806470588,1
13121001502,-84.35387755,33.779344305555554,1
13121001600,-84.35548587222223,33.767633466666666,1
13121001701,-84.37067499583334,33.766253041666666,1
13121001702,-84.36426750526316,33.76473214736842,1
13121001801,-84.37651388571429,33.768855071428575,1
13121001802,-84.37960370833333,33.7640159,1
13121001901,-84.39157536666666,33.76756468333333,1
13121001902,-84.3868680625,33.76581660833333,1
13121002100,-84.39396166388889,33.764963191666666,1
13121002300,-84.41588725660378,33.76700874905661,1
13121002400,-84.42457528285715,33.758435468571435,1
13121002500,-84.41244113478261,33.75878473043478,1
13121002600,-84.40386388913043,33.7581825826087,1
13121002801,-84.379131925,33.75933444166667,1
13121002802,-84.37967921666667,33.7564606875,1
13121002900,-84.36976669722223,33.75801677777778,1
13121003000,-84.35812261458334,33.75820410833333,1
13121003100,-84.353065045,33.75101277,1
13121003200,-84.36378746666668,33.74976850833333,1
13121003500,-84.39063473076922,33.750175434615386,1
13121003600,-84.40211777142856,33.75189271428572,1
13121003700,-84.41003962857143,33.7490102,1
13121003800,-84.41279679,33.751082905,1
13121003900,-84.42204467,33.749890815,1
13121004000,-84.43651661607143,33.74966389821429,1
13121004100,-84.42858261052632,33.741548955263156,1
13121004200,-84.417521122,33.739359814,1
13121004300,-84.40804163846154,33.745464584615384,1
13121004400,-84.40135490571429,33.73978720857143,1
13121004800,-84.38338830588235,33.74446799411765,1
13121004900,-84.37982909074074,33.74067666111111,1
13121005000,-84.36724983571428,33.74300576190476,1
13121005200,-84.35440676231885,33.73614892463768,1
13121005300,-84.37213913538461,33.73249458769231,1
13121005501,-84.38387034117646,33.73105295882353,1
13121005503,-84.3904849357143,33.711608757142855,1
13121005504,-84.38449984333333,33.71660603666667,1
13121005700,-84.40413485882354,33.73189155588235,1
13121005800,-84.41058815849057,33.73497528301887,1
13121006000,-84.43837309069768,33.737590606976745,1
13121006100,-84.43726890357142,33.728710716071426,1
13121006200,-84.4218564586207,33.72836967241379,1
13121006300,-84.4004492779661,33.72505185084746,1
13121006400,-84.37360507058824,33.71773477058824,1
13121006500,-84.41141515316455,33.71473433164557,1
13121006601,-84.42267513947368,33.71022395789473,1
13121006602,-84.42817498235294,33.71820305882353,1
13121006701,-84.39681999,33.712693675,1
13121006702,-84.3851331703125,33.7077610234375,1
13121006801,-84.3682517,33.7115152,1
13121006802,-84.36115864285715,33.70476244285714,1
13121006900,-84.36044465614034,33.719701005263154,1
13121007001,-84.38879247647058,33.69236409607843,1
13121007002,-84.37058880454546,33.69622358636364,1
13121007100,-84.35578042,33.6964788125,1
13121007200,-84.370127212,33.656283934,1
13121007301,-84.39010842121212,33.66908082121212,1
13121007302,-84.37608009259259,33.67264030370371,1
13121007400,-84.4060941,33.678557605128205,1
13121007500,-84.41415054210526,33.695109477192986,1
13121007602,-84.45844492173913,33.711409278260874,1
13121007603,-84.43966844444445,33.70657050444444,1
13121007604,-84.46572023571427,33.70004254285714,1
13121007703,-84.50650674146341,33.703222807317076,1
13121007705,-84.488157575,33.68408430833333,1
13121007707,-84.49528705172415,33.70263400689655,1
13121007708,-84.48216607083333,33.70826294166667,1
13121007709,-84.51009806756757,33.66581423243243,1
13121007710,-84.52707158928571,33.67070902857143,1
13121007711,-84.5075681142857,33.68067738571428,1
13121007805,-84.53873949195403,33.753760908045976,1
13121007806,-84.51489965,33.74820954375,1
13121007807,-84.49907986800001,33.76394284,1
13121007808,-84.49788836842106,33.75367227368421,1
13121007809,-84.53700219047619,33.70976955,1
13121007810,-84.518482784375,33.712457228125,1
13121007900,-84.49578318051948,33.734532577922074,1
13121008000,-84.45389843064515,33.72131347258065,1
13121008103,-84.48539076086956,33.749116460869566,1
13121008104,-84.45754944166667,33.74298339166666,1
13121008202,-84.5083408875,33.77754741,1
13121008203,-84.48188031111111,33.77513499444444,1
13121008204,-84.48232297291666,33.76687327916667,1
13121008301,-84.45648040930233,33.76295647209302,1
13121008302,-84.45311593636363,33.75737016666666,1
13121008400,-84.4343536025641,33.76224125128205,1
13121008500,-84.44531364390244,33.774692924390244,1
13121008601,-84.46754945774649,33.78081573802817,1
13121008602,-84.48896732272728,33.791233309090906,1
13121008701,-84.47310932045455,33.801242504545456,1
13121008702,-84.44724778999999,33.790662985,1
13121008801,-84.47684563421053,33.81325067368421,1
13121008802,-84.45103831333334,33.81011360266667,1
13121008903,-84.44691976111112,33.818841211111106,1
13121008905,-84.42004923066666,33.796403784,1
13121008906,-84.4403560625,33.822374995833336,1
13121008907,-84.42502919,33.81728126,1
13121008908,-84.40481723571429,33.79942090714285,1
13121008909,-84.42047372666667,33.80615973333333,1
13121009001,-84.40694927142856,33.80714497142857,1
13121009002,-84.41268046097561,33.81557645853658,1
13121009103,-84.396665,33.803403713636364,1
13121009104,-84.39480096923077,33.81342850769231,1
13121009105,-84.38865693333334,33.807222540000005,1
13121009106,-84.38394144,33.8121357,1
13121009201,-84.35055540833334,33.81526765,1
13121009202,-84.37044564482758,33.81030066896552,1
13121009203,-84.36015079428572,33.816592428571425,1
13121009301,-84.38339864242424,33.82173708787879,1
13121009302,-84.37613947647058,33.82249305882353,1
13121009405,-84.36720641818182,33.82007235454545,1
13121009406,-84.35832582608695,33.82342810869565,1
13121009407,-84.3557623,33.82578756666667,1
13121009408,-84.36071738,33.82980276,1
13121009409,-84.35974675,33.83973236,1
13121009410,-84.35090003571429,33.8461373,1
13121009411,-84.35216450588234,33.833015188235294,1
13121009501,-84.39682573333333,33.826231911111115,1
13121009503,-84.38493874000001,33.833911920000006,1
13121009504,-84.38480756666667,33.8446005,1
13121009601,-84.37957942307692,33.847039492307694,1
13121009604,-84.3760819521739,33.83216319565217,1
13121009605,-84.37615819375,33.83862279375,1
13121009606,-84.3640869347826,33.84184013043478,1
13121009607,-84.35586878000001,33.850942286666665,1
13121009700,-84.44137347619048,33.84055951746032,1
13121009802,-84.42455802363637,33.86590877818182,1
13121009803,-84.42027529333333,33.84493789333333,1
13121009804,-84.41487773225806,33.8302364483871,1
13121009900,-84.39445024074074,33.861455496296294,1
13121010003,-84.37419843529412,33.85553246470588,1
13121010004,-84.37374122608696,33.87212313913044,1
13121010005,-84.35844819148936,33.8732105212766,1
13121010006,-84.3662568857143,33.8528113,1
13121010007,-84.35693135454545,33.85817968181818,1
13121010106,-84.32940459666666,33.98606949333333,1
13121010107,-84.30380078,33.97472450666667,1
13121010108,-84.28114989199999,33.96446404,1
13121010115,-84.35635357878787,33.89869507575757,1
13121010117,-84.35597576428572,33.96307069285714,1
13121010120,-84.34042611875,34.003610975,1
13121010121,-84.36993927857144,33.93066292142857,1
13121010124,-84.34209972222223,33.99602054444444,1
13121010125,-84.34641792941177,33.99239297058824,1
13121010126,-84.36858615454545,33.94383652727273,1
13121010127,-84.36574455,33.945729245833334,1
13121010128,-84.37464274,33.90995094,1
13121010129,-84.36443843571429,33.9059334,1
13121010130,-84.35341937391304,33.94158717391304,1
13121010131,-84.349630385,33.95852181,1
13121010132,-84.36772501724138,33.91419372068965,1
13121010133,-84.35954813404256,33.92285605957447,1
13121010134,-84.35269628125,33.9693998625,1
13121010135,-84.34632799090909,33.97543058181818,1
13121010136,-84.37413853,33.88311740333333,1
13121010137,-84.37510989230769,33.892347823076925,1
13121010204,-84.41603185686274,33.924663847058824,1
13121010211,-84.3933893125,33.881383635,1
13121010212,-84.3866673,33.90042172380952,1
13121010213,-84.372949725,33.9640744375,1
13121010214,-84.35350679999999,33.983420775,1
13121010215,-84.36257562499999,33.99566923333333,1
13121010216,-84.3770255888889,33.95044852222222,1
13121010217,-84.38041112352941,33.957353976470586,1
13121010218,-84.36139123000001,33.976164849999996,1
13121010219,-84.37198885,33.971809725,1
13121010220,-84.39021377659574,33.92151043404255,1
13121010221,-84.38275092,33.935885266666666,1
13121010222,-84.405132485,33.901319130000005,1
13121010223,-84.4281961375,33.896780784375004,1
13121010305,-84.54707747777778,33.68837837037037,1
13121010306,-84.57542814375,33.675575529166665,1
13121010307,-84.54171737037038,33.64147113333333,1
13121010308,-84.5728748625,33.641961678125,1
13121010309,-84.65157430879121,33.61681566043956,1
13121010310,-84.63108458157895,33.654543781578944,1
13121010311,-84.6320291,33.676495154347826,1
13121010312,-84.56350264423077,33.73185855961538,1
13121010313,-84.5809330609375,33.717764740625,1
13121010314,-84.61013717,33.661202960000004,1
13121010315,-84.60328844081633,33.632302736734694,1
13121010401,-84.65498525089286,33.52372500446428,1
13121010402,-84.71612792164947,33.55824417680412,1
13121010508,-84.476538975,33.59065885909091,1
13121010517,-84.46963152857143,33.57187776285715,1
13121010518,-84.4835348,33.57596884242424,1
13121010519,-84.58812252987013,33.5605290961039,1
13121010520,-84.62706985445544,33.56589632574257,1
13121010521,-84.46372732352941,33.60907412058823,1
13121010522,-84.48248545797101,33.61267095797101,1
13121010523,-84.54232543636364,33.59365673636364,1
13121010524,-84.54478535833333,33.57896929583333,1
13121010525,-84.5241083074074,33.58133361111111,1
13121010526,-84.5542485948718,33.60871562478632,1
13121010527,-84.56684077419355,33.584324929032256,1
13121010528,-84.5606980953125,33.5689604109375,1
13121010529,-84.50999672345678,33.601487324691355,1
13121010530,-84.5131867467742,33.62535723225806,1
13121010531,-84.50008525185186,33.5812394,1
13121010532,-84.50953394736842,33.56717487631579,1
13121010533,-84.51907903636364,33.56990929090909,1
13121010534,-84.5826721536232,33.53720103768116,1
13121010535,-84.59349065,33.57906666470588,1
13121010536,-84.60363258048781,33.601653875609756,1
13121010537,-84.47788083870968,33.55777315483871,1
13121010538,-84.50804000851063,33.548852927659574,1
13121010539,-84.53269788125,33.550299378125,1
13121010540,-84.55901636265061,33.53828415421687,1
13121010601,-84.45517124492753,33.6616532115942,1
13121010603,-84.465739675,33.6480415875,1
13121010604,-84.47205770000001,33.62714914791667,1
13121010801,-84.4153085,33.661113359999995,1
13121010802,-84.40263915866667,33.66431368666667,1
13121011000,-84.42749827,33.67671834428571,1
13121011100,-84.42898301797753,33.68613074382022,1
13121011202,-84.44826425765766,33.676482631531535,1
13121011203,-84.44518016862745,33.69203285098039,1
13121011204,-84.44367806296296,33.70190762962963,1
13121011301,-84.46976428591549,33.688136854929574,1
13121011306,-84.50209339999999,33.63743307115384,1
13121011307,-84.49290455263157,33.65045155526316,1
13121011308,-84.4888342,33.63835658823529,1
13121011309,-84.48809982272728,33.666451959090914,1
13121011310,-84.47018929130435,33.666872660869565,1
13121011416,-84.34601776000001,34.06826403111111,1
13121011417,-84.36145584102564,34.054323571794875,1
13121011419,-84.37783282857143,34.051330217142855,1
13121011421,-84.32920764137931,34.040500386206894,1
13121011422,-84.36693231333334,34.00669572333333,1
13121011423,-84.3800705060606,34.019129033333336,1
13121011424,-84.26780808,33.997619725,1
13121011426,-84.24095745,34.0374429,1
13121011428,-84.28038254,34.029520575,1
13121011429,-84.2640531888889,34.03190072592593,1
13121011430,-84.32704433333333,34.027548995833335,1
13121011431,-84.32699248888889,34.03345691111111,1
13121011432,-84.27897118947368,33.998428342105264,1
13121011433,-84.27300361666667,34.01135846666667,1
13121011434,-84.2995189032258,34.03204986451613,1
13121011435,-84.32191770243902,34.01103978292683,1
13121011436,-84.31253959705883,33.998623285294116,1
13121011437,-84.35211464999999,34.025719097727276,1
13121011438,-84.3418399131579,34.017765278947365,1
13121011439,-84.28076183529413,33.98497075294117,1
13121011440,-84.29991023846154,33.98728953846154,1
13121011441,-84.295990655,34.018867995,1
13121011442,-84.29746597727272,34.010708,1
13121011443,-84.23900833333333,34.02495401666667,1
13121011444,-84.2438475875,34.00638731666667,1
13121011445,-84.36909878965517,34.03029236551724,1
13121011446,-84.40280926666667,34.04798324285714,1
13121011505,-84.3688581892857,34.0800106,1
13121011507,-84.33380156571428,34.157746588571435,1
13121011508,-84.2709945763158,34.155887081578946,1
13121011509,-84.38646912631579,34.10196439473685,1
13121011510,-84.3474417472973,34.09126725675676,1
13121011511,-84.33008047,34.091904713333335,1
13121011512,-84.40856824897959,34.08242594897959,1
13121011513,-84.40024413478261,34.07167053043479,1
13121011514,-84.29520468571428,34.164739062857144,1
13121011515,-84.31518964117647,34.12632936470589,1
13121011612,-84.19918403448277,34.00596452068966,1
13121011618,-84.26063183939394,34.056924842424245,1
13121011624,-84.19046373076922,34.07645076923077,1
13121011627,-84.18040212941177,34.025842,1
13121011628,-84.1972903111111,34.017772827777776,1
13121011629,-84.19626549142858,34.03280297714286,1
13121011630,-84.20252545454547,34.06354940909091,1
13121011631,-84.18093588333333,34.061646599999996,1
13121011632,-84.18377706111112,34.047432244444444,1
13121011633,-84.2091423764706,34.053734776470584,1
13121011634,-84.22440910625,34.05554113125,1
13121011635,-84.126910725,34.049368655555554,1
13121011636,-84.2613843,34.07101559375,1
13121011637,-84.276822209375,34.047821484375,1
13121011638,-84.2364266875,34.046146628125,1
13121011639,-84.28440494411765,34.06501080588235,1
13121011640,-84.28081708135593,34.07495651355932,1
13121011641,-84.309985596875,34.097071071875,1
13121011642,-84.28476671666667,34.087087483333335,1
13121011643,-84.26054031190476,34.095434530952375,1
13121011644,-84.26105008787879,34.10146330909091,1
13121011645,-84.26312315294118,34.11715763529412,1
13121011646,-84.30034181590909,34.050943181818184,1
13121011647,-84.31667844383563,34.05964632876712,1
13121011648,-84.15301096470589,34.0496538882353,1
13121011649,-84.16501492894737,34.05132779210527,1
13121011650,-84.24325301470589,34.06037750294118,1
13121011651,-84.2321020969697,34.06168792424242,1
13121011652,-84.24245237297298,34.091849659459456,1
13121011653,-84.21735811304349,34.0853606,1
13121011654,-84.3075216904762,34.0751724,1
13121011655,-84.31009616,34.08562484285714,1
13121011656,-84.22637769130435,34.0741773173913,1
13121011657,-84.2022555875,34.079512275,1
13121011658,-84.21389217037037,34.04036481111111,1
13121011659,-84.21803046363635,34.030478245454546,1
13121011660,-84.28198967499999,34.100987885416664,1
13121011661,-84.26975370000001,34.12935495714286,1
13121011801,-84.41440501428572,33.7745926,1
13121011802,-84.40885708571429,33.76905772571428,1
13121011901,-84.38715166813188,33.75501438571428,1
13121011902,-84.37193966206895,33.752796137931036,1
13121012000,-84.39318604666667,33.73721890555555,1
13121012300,-84.4403437675,33.661382035625,1
13121980000,-84.430953515,33.652796195,1
13129970902,-84.72156271911764,34.437223887500004,1
13135050105,-83.99514512847222,34.11836445972222,1
13135050110,-84.0185844,34.140982343750004,1
13135050111,-84.01553301428571,34.11719586785714,1
13135050112,-84.04067582222223,34.12127730740741,1
13135050113,-84.00526357272726,34.07590864545455,1
13135050114,-84.02267445740742,34.093642824074074,1
13135050115,-83.99178974634147,34.09762775121951,1
13135050116,-84.09080474482758,34.107688037931034,1
13135050117,-84.06517285151516,34.108018533333336,1
13135050118,-84.04656525,34.10134037727273,1
13135050119,-84.05194192608697,34.094887899999996,1
13135050120,-84.0714759382353,34.14105070882353,1
13135050121,-84.06122938305084,34.12636266779661,1
13135050205,-84.1629916075,34.0112931075,1
13135050215,-84.1170312875,33.96541473125,1
13135050218,-84.14236633541667,33.99002420625,1
13135050219,-84.15419845172413,33.998030727586205,1
13135050221,-84.154413775,33.970232457142856,1
13135050222,-84.1380269175,33.97641562,1
13135050223,-84.0838153522388,34.04739352835821,1
13135050224,-84.06404430757576,34.03844256969697,1
13135050225,-84.00063437692307,34.038340784615386,1
13135050226,-84.01041473571429,34.04745197142857,1
13135050227,-84.18040253999999,33.99512094666667,1
13135050228,-84.16445052083334,33.98907542083333,1
13135050229,-84.14395608695652,33.951877017391304,1
13135050230,-84.14923244666667,33.956770066666664,1
13135050231,-84.0898813064516,34.01004918064516,1
13135050232,-84.08030626111112,34.01923822222222,1
13135050233,-84.11643360833334,34.015283197916666,1
13135050234,-84.14769370222223,34.01604331777778,1
13135050235,-84.1165286031746,34.024390187301584,1
13135050236,-84.09755974210526,33.982568710526316,1
13135050237,-84.12857132424243,33.99710608181818,1
13135050238,-84.10512087727273,33.99909540454546,1
13135050239,-84.03959899310345,34.0715974,1
13135050240,-84.02647730000001,34.06069729473684,1
13135050241,-84.05240441509433,34.057883732075474,1
13135050242,-84.07423914390243,34.07613556097561,1
13135050243,-84.09046915087718,34.063794598245615,1
13135050244,-84.10115239615385,34.043140780769235,1
13135050306,-84.22860337380952,33.92744834523809,1
13135050308,-84.214983759375,33.9878298875,1
13135050311,-84.21179175555557,33.94437269753086,1
13135050315,-84.26265135142857,33.95405609714286,1
13135050317,-84.24139416666667,33.945379442857146,1
13135050318,-84.24789954545454,33.95578071818182,1
13135050321,-84.24249283571429,33.97580703214286,1
13135050322,-84.23639867,33.9915394,1
13135050323,-84.19339852068966,33.98152802413793,1
13135050324,-84.19119363375,33.968828816249996,1
13135050325,-84.1827534,33.951249161111114,1
13135050326,-84.18228752321428,33.93860608928571,1
13135050327,-84.1996123,33.937273425,1
13135050328,-84.18673973846154,33.93072162307693,1
13135050329,-84.19962489090909,33.91919729090909,1
13135050330,-84.20612176956521,33.930308626086955,1
13135050331,-84.24627165625,33.9139834125,1
13135050332,-84.25515710652174,33.931001871739134,1
13135050333,-84.15859888125,33.94326185,1
13135050334,-84.16795664827588,33.96325230689655,1
13135050335,-84.25045399523809,33.96406486190476,1
13135050336,-84.2280345754386,33.959006770175435,1
13135050415,-84.10380608653847,33.81898743846154,1
13135050416,-84.08576766333334,33.79824876666667,1
13135050425,-84.13070257045455,33.86593297727273,1
13135050427,-84.09966312291667,33.88476993125,1
13135050430,-84.1117995413793,33.832274403448274,1
13135050433,-84.21019255,33.88619002142857,1
13135050435,-84.13599926363636,33.903149351515154,1
13135050437,-84.19236656470588,33.91402223529411,1
13135050438,-84.17704220769231,33.9183029,1
13135050439,-84.14073810869566,33.931150056521744,1
13135050440,-84.12634141071429,33.91779686071428,1
13135050441,-84.11205141666667,33.91107459285714,1
13135050442,-84.106879255,33.903545075,1
13135050443,-84.17297571428571,33.87740493571429,1
13135050444,-84.17578507222223,33.89079454444445,1
13135050445,-84.20443975625,33.8955642125,1
13135050446,-84.19870306086956,33.88558117826087,1
13135050447,-84.16415845,33.90719278,1
13135050448,-84.17159629999999,33.9036328,1
13135050449,-84.19131818125,33.8942075,1
13135050450,-84.18425215384615,33.90154803076923,1
13135050451,-84.21435791428571,33.89728252857143,1
13135050452,-84.2140096888889,33.90527487777778,1
13135050453,-84.1510009,33.921626175,1
13135050454,-84.14718998823528,33.91154939411765,1
13135050455,-84.21562684,33.89266766,1
13135050456,-84.22958205714285,33.90246967142857,1
13135050457,-84.0879928264706,33.853612667647056,1
13135050458,-84.10645772857143,33.8462215,1
13135050459,-84.1495012116279,33.88923002325581,1
13135050460,-84.15607748333333,33.90020818333333,1
13135050461,-84.12025735416667,33.8788651125,1
13135050462,-84.10596194,33.865089855,1
13135050463,-84.196078,33.87287445384615,1
13135050464,-84.16807069268293,33.87056248780488,1
13135050465,-84.15353678857143,33.860600874285716,1
13135050466,-84.13510257142858,33.84727662380952,1
13135050520,-83.99979333134328,33.95590037313433,1
13135050521,-83.99507601707316,33.9448290097561,1
13135050522,-83.98364852142856,33.94036235476191,1
13135050526,-84.12492165384616,33.933969638461534,1
13135050528,-84.00955150967742,34.026843529032256,1
13135050529,-84.04996367142857,34.01637065714286,1
13135050530,-84.05892534814814,33.997379074074075,1
13135050536,-84.03023518363636,33.952985198181814,1
13135050537,-84.094021085,33.95817917,1
13135050539,-84.09314639166666,33.94356285833333,1
13135050541,-84.10921180909091,33.9482654,1
13135050542,-84.12300207317072,33.94993637317073,1
13135050549,-84.02737144444444,33.996469483333335,1
13135050550,-84.08339327083333,33.914172924999995,1
13135050551,-84.07421390555555,33.90433555,1
13135050552,-84.04010806071429,33.97398773214286,1
13135050553,-84.04400978125,33.99014745625,1
13135050554,-84.09407513333333,33.92613202666667,1
13135050555,-84.07875141,33.93125172,1
13135050556,-84.07677017142858,33.94920058571429,1
13135050557,-84.06661944000001,33.93836634666666,1
13135050558,-84.05545047142857,33.95058527142857,1
13135050559,-84.05091905862069,33.9357090137931,1
13135050560,-84.07412018846154,33.98207866538461,1
13135050561,-84.08211345675676,33.96929774324324,1
13135050562,-84.05571159642857,33.96746063571429,1
13135050563,-83.99876643333334,33.98411698518518,1
13135050564,-84.00942044583333,33.972565304166665,1
13135050565,-84.03178747906976,34.02255009534884,1
13135050566,-84.019304668,34.00467324,1
13135050567,-84.05968156875,33.92060193125,1
13135050568,-84.04146080416666,33.919843791666665,1
13135050569,-83.97048632391305,33.96155348913043,1
13135050570,-83.95116465333334,33.954012,1
13135050571,-83.934355575,33.963476568749996,1
13135050572,-83.995324225,34.00939573125,1
13135050573,-84.00575228,34.00664436,1
13135050574,-84.02733736285714,33.970868308571426,1
13135050575,-84.030598768,33.98126398,1
13135050576,-84.09818393333333,33.936836125,1
13135050577,-84.1124861,33.934923993333335,1
13135050578,-83.98464661052631,34.003277305263154,1
13135050579,-83.97516884516128,34.0262134967742,1
13135050580,-83.98931199166667,33.912717300000004,1
13135050581,-83.98435214814815,33.924620714814814,1
13135050582,-83.9614734909091,33.99793251818182,1
13135050583,-83.96431564716981,33.98647103018868,1
13135050584,-83.95063368235294,34.02235720588235,1
13135050585,-83.969817746875,33.94899845625,1
13135050586,-83.94307318695652,33.94207405652174,1
13135050587,-83.91959944285713,33.93321278571428,1
13135050588,-83.92239898695652,33.92523603913044,1
13135050589,-84.0144540264151,33.92362863018868,1
13135050590,-84.02816072285715,33.92618425142857,1
13135050591,-84.01487211578947,33.91441721052632,1
13135050611,-83.97531964800001,34.047931567999996,1
13135050612,-83.93762119333333,34.058295636666664,1
13135050613,-83.93409220000001,34.041594947368424,1
13135050614,-83.92327632222222,34.0340633,1
13135050615,-83.8983221652174,34.10154796521739,1
13135050616,-83.89166824444445,34.08532773333334,1
13135050617,-83.84631132020202,34.09817336363636,1
13135050618,-83.89258463076924,34.06228834615385,1
13135050619,-83.8668557627907,34.04595276744186,1
13135050620,-83.90684690833334,34.0456809,1
13135050621,-83.9121614,34.058740625,1
13135050622,-83.89155581866666,33.98372081066667,1
13135050623,-83.87947880625,33.9629102390625,1
13135050624,-83.91113432222221,33.958095944444445,1
13135050625,-83.87970682352942,33.925958017647055,1
13135050626,-83.83588073888889,33.92792773703704,1
13135050627,-83.91142761454546,33.997529289090906,1
13135050628,-83.88706146842105,34.018316842105264,1
13135050629,-83.9145418625,34.0274717,1
13135050630,-83.92796938823528,34.011639305882355,1
13135050631,-83.95342581538462,34.11089193333333,1
13135050632,-83.97024229411764,34.09310982352941,1
13135050633,-83.97504251176471,34.06663500784314,1
13135050634,-83.96000089714285,34.07600621428571,1
13135050635,-83.93118075555554,34.09372678333333,1
13135050636,-83.91954799285715,34.08578049285715,1
13135050715,-84.05306030566037,33.86496093018868,1
13135050719,-84.02707262978724,33.84283114468085,1
13135050722,-84.03335059999999,33.816918575,1
13135050725,-84.04631238787879,33.83596365151515,1
13135050729,-84.06269645,33.83232017777778,1
13135050732,-84.03566381891892,33.76760012702703,1
13135050733,-84.05005493750001,33.78051116666666,1
13135050734,-84.05085692,33.7981354,1
13135050735,-83.930158925,33.841677155,1
13135050736,-83.94940656774193,33.8303730032258,1
13135050737,-83.98416965499999,33.802455865,1
13135050738,-84.01717746666667,33.78617062916667,1
13135050739,-84.0077847,33.82136975,1
13135050740,-83.96501675714286,33.92614187142857,1
13135050741,-83.95243830869565,33.910203269565216,1
13135050742,-83.93680921891892,33.89438288918919,1
13135050743,-83.89273253157894,33.90229555789474,1
13135050744,-83.89837386470587,33.86903274509804,1
13135050745,-83.97485539333334,33.899723449999996,1
13135050746,-83.964988521875,33.8772245203125,1
13135050747,-83.93958747307693,33.85969802307692,1
13135050748,-83.92510952631578,33.86301314473684,1
13135050749,-84.051536,33.822240746153845,1
13135050750,-84.06516482777778,33.81461053888889,1
13135050751,-83.97039762692307,33.83305171153846,1
13135050752,-83.96064132093024,33.855260104651165,1
13135050753,-84.00415688000001,33.8457288575,1
13135050754,-83.98797385714286,33.84335588095238,1
13135050755,-83.98637497857143,33.86249061785714,1
13135050756,-84.03083676800001,33.89464148,1
13135050757,-84.04224129411764,33.898704888235294,1
13135050758,-84.0064070537037,33.866183061111116,1
13135050759,-84.000094968,33.886166776,1
13135050760,-84.07268112962963,33.88595851111111,1
13135050761,-84.05781092173913,33.90197979130435,1
13135050762,-84.02484470178571,33.88087311785714,1
13135050763,-84.03681190277777,33.86077177777778,1
13135050764,-84.07501776666666,33.84354072121212,1
13135050765,-84.07043546190476,33.86392573809524,1
13139000304,-83.9546835175,34.3836688375,1
13139000306,-83.90384224468085,34.319383787234045,1
13139000307,-83.9143356875,34.344265110416664,1
13139000401,-83.85646434787233,34.331663037234044,1
13139000402,-83.87892645869564,34.35662119130435,1
13139000703,-83.78892160476191,34.290867992857144,1
13139000800,-83.81179182242991,34.2984135411215,1
13139000901,-83.83069603888889,34.31533107037037,1
13139000902,-83.83566333,34.304827328,1
13139001004,-83.8699713467742,34.30173568548387,1
13139001005,-83.88029000491804,34.27246423278688,1
13139001006,-83.91559105454546,34.27337514242424,1
13139001007,-83.86284189999999,34.28123778333334,1
13139001008,-83.84761288441558,34.29088238831169,1
13139001101,-83.83358141191489,34.28521377106383,1
13139001102,-83.85171424794521,34.26456679452055,1
13139001202,-83.75936667272727,34.23520320779221,1
13139001203,-83.81863115178571,34.28563680535714,1
13139001204,-83.80047119135803,34.235541335802466,1
13139001302,-83.81710797818182,34.17617426909091,1
13139001303,-83.85292892352942,34.20743966078432,1
13139001304,-83.8376181,34.248748580188675,1
13139001402,-83.90667671521739,34.2413697923913,1
13139001404,-83.88498467105264,34.21362756368421,1
13139001405,-83.87374881978022,34.234624595604394,1
13139001406,-83.87527730129871,34.25152451948052,1
13139001501,-83.9311534368421,34.19605237105263,1
13139001502,-83.98090891138212,34.16030830325203,1
13139001603,-83.8483208779661,34.1560886779661,1
13139001605,-83.898409992,34.11893166666667,1
13139001606,-83.92076719325843,34.18021958539326,1
13139001607,-83.95494013387096,34.14599563064516,1
13139001609,-83.90132247777778,34.14612224666667,1
13139001610,-83.89951799090909,34.16572365909091,1
13139001611,-83.86540044146342,34.116993495121946,1
13139001612,-83.84206487499999,34.12151036,1
13143010100,-85.14430910419581,33.847569678321676,1
13143010301,-85.07814137981651,33.775333029357796,1
13143010303,-85.17702189078948,33.78633923947368,1
13143010304,-85.18040870325203,33.73351231788618,1
13143010402,-85.15162610353983,33.706598544690266,1
13151070109,-84.2369795081081,33.59107192702702,1
13151070113,-84.22785296041667,33.547716928125,1
13151070114,-84.22058724326924,33.52055325384615,1
13151070115,-84.27770255285715,33.53878986857143,1
13151070116,-84.25736857837838,33.49870947837837,1
13151070117,-84.20085946,33.58118161466667,1
13151070118,-84.18308783157894,33.59432737368421,1
13151070119,-84.24511718732394,33.53879067183099,1
13151070120,-84.241271452,33.52299406,1
13151070121,-84.19576505882353,33.62536684117647,1
13151070122,-84.222107085,33.62085654,1
13151070123,-84.24648052380952,33.5088575,1
13151070124,-84.26406037678571,33.51907963035715,1
13151070125,-84.21592631,33.56155836,1
13151070126,-84.24953500877194,33.56536169122807,1
13151070127,-84.2608982047619,33.63793450952381,1
13151070128,-84.24889092,33.61407314666666,1
13151070204,-84.1557597362069,33.55401112586207,1
13151070206,-84.11032634571428,33.541641385714286,1
13151070207,-84.07438784615384,33.532823,1
13151070208,-84.11807293829787,33.49963066595745,1
13151070209,-84.08275457837838,33.45100240810811,1
13151070210,-84.15505295609756,33.48376225609756,1
13151070211,-84.17460177432433,33.50943251351352,1
13151070212,-84.18450952647059,33.531046167647055,1
13151070213,-84.06231935714285,33.44843644761905,1
13151070214,-84.02008680434783,33.46119846086957,1
13151070215,-84.00665120555556,33.481873883333336,1
13151070216,-84.09697487162161,33.46276869594595,1
13151070307,-84.1415751691358,33.46644599506173,1
13151070310,-84.17920752857142,33.4676852978022,1
13151070312,-84.12814244126984,33.421697487301586,1
13151070313,-84.2425939112676,33.456236402816906,1
13151070314,-84.23819708888888,33.482393225925925,1
13151070315,-84.20318045616439,33.49402031643835,1
13151070316,-84.18486983111111,33.49661657555556,1
13151070317,-84.16850418333333,33.449144343939395,1
13151070318,-84.18084424736841,33.396953310526314,1
13151070319,-84.18445144705882,33.413031849999996,1
13151070320,-84.19971526590909,33.41985620909091,1
13151070321,-84.21509917567568,33.4297321027027,1
13151070322,-84.18570900370369,33.446359408641975,1
13151070323,-84.16660349166666,33.43826331666667,1
13151070324,-84.14972875857143,33.43122341714286,1
13151070325,-84.1332567625,33.44890853194445,1
13151070405,-84.09594374772728,33.364977,1
13151070406,-84.07630247922077,33.34207902467532,1
13151070407,-84.10798557380951,33.39399848095238,1
13151070408,-84.05411270799999,33.417988768,1
13151070409,-83.97648906481481,33.441037790740744,1
13151070410,-84.0253287875,33.39116365833333,1
13151070411,-84.13807212136751,33.354936364102564,1
13151070412,-84.09636275151514,33.32127337121212,1
13151070503,-84.30629298378378,33.40767812567567,1
13151070504,-84.30989492365592,33.376060519354844,1
13151070505,-84.27349369552239,33.40548075074627,1
13151070506,-84.23778356956522,33.38178460434783,1
13151070507,-84.27699270263159,33.36704182105263,1
13151070508,-84.21884906393443,33.35288956229508,1
13157010104,-83.69488883655173,34.17444178896552,1
13157010105,-83.67881911627907,34.12140146976744,1
13157010106,-83.75855184224139,34.1020554137931,1
13157010107,-83.70218880444445,34.08264315777778,1
13157010108,-83.75349394929577,34.14435167605634,1
13157010109,-83.79134782622951,34.120231668852455,1
13157010703,-83.63597324923077,34.07166227692307,1
13159010200,-83.7593892972973,33.408842600900904,1
13159010501,-83.81930533814433,33.341845630927835,1
13171970100,-84.16580654193548,33.137395132258064,1
13199970701,-84.80341750654206,33.161538893457944,1
13199970702,-84.60847221474104,33.144972577689245,1
13211010200,-83.61145878699999,33.611228893,1
13217100101,-83.84238758741722,33.6599210602649,1
13217100102,-83.90078859217391,33.648053850434785,1
13217100202,-83.7311381351145,33.58917460305343,1
13217100203,-83.76048601052632,33.49757524649123,1
13217100204,-83.76033531323529,33.53833573529412,1
13217100301,-83.832595252349,33.59884701409396,1
13217100302,-83.84980090427351,33.58727186410257,1
13217100400,-83.87045338765432,33.610569898765426,1
13217100503,-83.94738327142858,33.584067181632655,1
13217100504,-83.96296057058822,33.603605658823525,1
13217100505,-83.94714448529412,33.609293238235296,1
13217100506,-83.909839212,33.60070376666667,1
13217100507,-83.91756876666666,33.569882964583336,1
13217100600,-83.893339776,33.566502626,1
13217100701,-83.85885454193549,33.5835569983871,1
13217100702,-83.86575039333334,33.56937700833333,1
13217100801,-83.88662970666667,33.48927404266667,1
13217100802,-83.86656098737863,33.413624978640776,1
13217100902,-83.95501924642858,33.55880235714286,1
13217100903,-83.99321597037037,33.569784571604934,1
13217100904,-83.95253749375,33.5218213984375,1
13217100905,-83.99560473265306,33.52986811020408,1
13219030101,-83.59411360930233,33.890668695348836,1
13219030102,-83.565987825,33.92587620416666,1
13223120104,-84.89174565862069,34.01793509137931,1
13223120105,-84.76931424893617,34.06841409787234,1
13223120106,-84.7443804,34.010473,1
13223120107,-84.75514377333334,34.03538813,1
13223120108,-84.79959738285714,33.97309602857143,1
13223120109,-84.76816134230769,33.99807538846154,1
13223120110,-84.79592359423077,34.02673462115385,1
13223120111,-84.83033894054054,34.006761170270266,1
13223120203,-84.7518364864865,33.95738561081081,1
13223120205,-84.76500355454546,33.908951990909095,1
13223120206,-84.73497343584906,33.904750311320754,1
13223120207,-84.74635115714285,33.93315422857143,1
13223120208,-84.78453716969696,33.921510972727276,1
13223120301,-84.82314505142857,33.92622336428572,1
13223120303,-84.86155529999999,33.88704182,1
13223120304,-84.87886600487805,33.93922062682927,1
13223120305,-84.83424408991597,33.915638442857144,1
13223120306,-84.81359918648648,33.89598068648649,1
13223120307,-84.84484393692307,33.907266767692306,1
13223120401,-84.97903599583333,33.923957725,1
13223120402,-84.94402174366198,33.8276196028169,1
13223120403,-84.96886223636365,33.874747270129866,1
13223120503,-84.78726313292684,33.84994138170732,1
13223120504,-84.85528259375,33.84383976875,1
13223120505,-84.82259258108108,33.847110705405406,1
13223120506,-84.80595226,33.877643633333335,1
13223120507,-84.76239641929824,33.881963806140355,1
13223120601,-84.73787676,33.802498868,1
13223120603,-84.73586930943395,33.865210266037735,1
13223120604,-84.77533053333333,33.807647093939394,1
13223120605,-84.8659674109091,33.807838370909096,1
13223120606,-84.79720766666667,33.798779644444444,1
13223120607,-84.82792835714285,33.795037323809524,1
13227050101,-84.28400976470589,34.45442280588235,1
13227050201,-84.44480033642384,34.47332803046358,1
13227050202,-84.42031789126214,34.46484532524272,1
13227050400,-84.5924511574468,34.46444613829787,1
13227050500,-84.4604353888889,34.41755933253969,1
13227050601,-84.39428249166667,34.40999918409091,1
13227050602,-84.3126763967742,34.414763330645165,1
13231010101,-84.34925364222222,33.12513772888889,1
13231010102,-84.29293265354839,33.12454462258064,1
13231010200,-84.41453076734693,33.17447529489796,1
13233010100,-85.0622988324,34.0556717392,1
13233010600,-85.07844252090908,33.996911670454544,1
13233010700,-85.03398502421524,33.992627295515696,1
13247060101,-84.0141062404762,33.721815992857145,1
13247060103,-83.96712030185186,33.74661792407407,1
13247060104,-83.95623139245284,33.69121319245283,1
13247060201,-84.04778253246754,33.70531875844156,1
13247060203,-84.0740970090909,33.66614012181818,1
13247060204,-84.0580686425,33.63412874,1
13247060305,-83.98714707260274,33.652956154794516,1
13247060306,-83.96432901617648,33.634979013235295,1
13247060310,-84.02465352540983,33.66789101229508,1
13247060311,-84.02661085,33.64734015714286,1
13247060312,-84.00282283947368,33.626949602631576,1
13247060313,-83.99098260697674,33.60500145348837,1
13247060314,-83.98101823846153,33.61884663846154,1
13247060315,-83.9857473319149,33.6816089,1
13247060316,-84.00016699074074,33.6722691,1
13247060317,-84.01548065892858,33.6882537625,1
13247060318,-84.01620420816326,33.68040329591837,1
13247060403,-84.11520270000001,33.61298550588235,1
13247060406,-84.02290360588235,33.58316890588235,1
13247060407,-84.01787885833333,33.56284615833333,1
13247060408,-84.08711483023257,33.56772270232558,1
13247060409,-84.05060813499999,33.570148634999995,1
13247060410,-84.0213660974359,33.61045854615384,1
13247060411,-84.03894364347826,33.60968436521739,1
13255160101,-84.3376289028169,33.32303974084507,1
13255160102,-84.28252557818182,33.3351749,1
13255160201,-84.15308214939759,33.282165074698796,1
13255160202,-84.22134301162791,33.319239674418604,1
13255160300,-84.25945793818181,33.27823643090909,1
13255160401,-84.27572181714285,33.28032733714286,1
13255160402,-84.27803242803738,33.26428614018692,1
13255160500,-84.30226443697478,33.27893895966386,1
13255160600,-84.41492064399999,33.2531695136,1
13255160701,-84.2925458188889,33.23952241666667,1
13255160702,-84.33730449545455,33.22350617272727,1
13255160800,-84.2673229721212,33.25195494545454,1
13255160900,-84.24149500300753,33.24491218796992,1
13255161000,-84.18298187697842,33.216193009352516,1
13255161100,-84.24570221685393,33.22908314044944,1
13255161201,-84.29286874571429,33.20688384571429,1
13255161202,-84.26910071272728,33.23124697090909,1
13297110101,-83.7851418516129,33.88574956774193,1
13297110102,-83.68219800673077,33.87539679230769,1
13297110200,-83.60619158109454,33.799803418905476,1
13297110301,-83.69652069918033,33.8037704,1
13297110302,-83.68234114489795,33.78571028571429,1
13297110400,-83.7294627,33.81752804081633,1
13297110503,-83.80904088421053,33.82766703859649,1
13297110504,-83.88503678505748,33.84426989310345,1
13297110505,-83.84725577179488,33.8682915974359,1
13297110506,-83.93375353194443,33.79653319305556,1
13297110508,-83.84350120963855,33.81544962289156,1
13297110509,-83.89850870384615,33.825499026923076,1
13297110510,-83.890078903125,33.78870015,1
13297110601,-83.81484060151514,33.78031214545455,1
13297110602,-83.80393400749999,33.71915552,1
13297110603,-83.8675799031746,33.74492592063492,1
13297110701,-83.73352259452055,33.77933285753425,1
13297110702,-83.70116041517858,33.76604172053571,1
13297110801,-83.72321148738739,33.66788730900901,1
13297110802,-83.67658315511811,33.66123606535433,1
